279.125;-3.625;1
277.5416667;-4.041666667;1
277.2083333;-4.208333333;1
278.0416667;-4.208333333;1
278.625;-4.291666667;1
278.7083333;-4.291666667;1
278.625;-4.541666667;1
278.625;-4.625;1
278.5416667;-4.708333333;1
278.5416667;-4.791666667;1
278.625;-4.791666667;1
278.7083333;-4.791666667;1
278.7916667;-4.791666667;1
278.5416667;-4.875;1
278.625;-4.875;1
278.7083333;-4.875;1
278.7916667;-4.875;1
275.625;-4.958333333;1
276.875;-4.958333333;1
277.5416667;-4.958333333;1
277.625;-4.958333333;1
277.9583333;-4.958333333;1
278.2916667;-4.958333333;1
278.375;-4.958333333;1
278.625;-4.958333333;1
278.7083333;-4.958333333;1
278.875;-4.958333333;1
275.0416667;-5.041666667;1
277.4583333;-5.041666667;1
277.5416667;-5.041666667;1
277.7083333;-5.041666667;1
277.7916667;-5.041666667;1
277.875;-5.041666667;1
278.5416667;-5.041666667;1
278.625;-5.041666667;1
278.7083333;-5.041666667;1
278.7916667;-5.041666667;1
278.875;-5.041666667;1
277.625;-5.208333333;1
278.4583333;-5.208333333;1
278.5416667;-5.208333333;1
278.625;-5.208333333;1
278.7916667;-5.208333333;1
278.4583333;-5.291666667;1
278.5416667;-5.291666667;1
278.7916667;-5.291666667;1
278.875;-5.375;1
277.7083333;-5.458333333;1
277.7916667;-5.458333333;1
277.875;-5.458333333;1
277.9583333;-5.458333333;1
278.125;-5.458333333;1
278.2916667;-5.458333333;1
278.7916667;-5.458333333;1
278.875;-5.458333333;1
278.9583333;-5.458333333;1
279.0416667;-5.458333333;1
277.625;-5.541666667;1
278.0416667;-5.541666667;1
278.2083333;-5.541666667;1
278.2916667;-5.541666667;1
278.375;-5.541666667;1
278.5416667;-5.541666667;1
278.7083333;-5.541666667;1
278.7916667;-5.541666667;1
278.9583333;-5.541666667;1
279.0416667;-5.541666667;1
278.9583333;-5.625;1
279.0416667;-5.625;1
278.125;-5.708333333;1
278.625;-5.708333333;1
278.7916667;-5.708333333;1
278.875;-5.708333333;1
278.9583333;-5.708333333;1
279.0416667;-5.708333333;1
279.125;-5.708333333;1
278.5416667;-5.791666667;1
279.125;-5.791666667;1
278.4583333;-5.875;1
278.7916667;-5.875;1
277.2916667;-5.958333333;1
277.375;-5.958333333;1
277.4583333;-5.958333333;1
277.5416667;-5.958333333;1
277.625;-5.958333333;1
277.7083333;-5.958333333;1
277.7916667;-5.958333333;1
277.875;-5.958333333;1
277.9583333;-5.958333333;1
278.0416667;-5.958333333;1
278.125;-5.958333333;1
278.2083333;-5.958333333;1
278.2916667;-5.958333333;1
278.4583333;-5.958333333;1
278.5416667;-5.958333333;1
278.625;-5.958333333;1
278.7916667;-5.958333333;1
278.875;-5.958333333;1
277.5416667;-6.041666667;1
278.2916667;-6.041666667;1
278.375;-6.041666667;1
278.4583333;-6.041666667;1
278.5416667;-6.041666667;1
278.625;-6.041666667;1
278.7916667;-6.041666667;1
278.375;-6.125;1
278.4583333;-6.125;1
278.5416667;-6.125;1
278.7916667;-6.125;1
278.875;-6.125;1
278.9583333;-6.125;1
278.2083333;-6.208333333;1
278.2916667;-6.208333333;1
278.5416667;-6.208333333;1
278.7916667;-6.208333333;1
278.9583333;-6.208333333;1
279.125;-6.208333333;1
277.7916667;-6.291666667;1
277.9583333;-6.291666667;1
278.0416667;-6.291666667;1
278.375;-6.291666667;1
278.4583333;-6.291666667;1
278.5416667;-6.291666667;1
278.625;-6.291666667;1
278.7083333;-6.291666667;1
278.9583333;-6.291666667;1
279.0416667;-6.291666667;1
279.125;-6.291666667;1
279.2083333;-6.291666667;1
277.5416667;-6.375;1
277.625;-6.375;1
277.7916667;-6.375;1
278.0416667;-6.375;1
278.5416667;-6.375;1
278.7916667;-6.375;1
278.875;-6.375;1
278.9583333;-6.375;1
279.0416667;-6.375;1
279.125;-6.375;1
279.2083333;-6.375;1
279.2916667;-6.375;1
279.375;-6.375;1
277.4583333;-6.458333333;1
277.9583333;-6.458333333;1
278.375;-6.458333333;1
278.4583333;-6.458333333;1
278.625;-6.458333333;1
278.7083333;-6.458333333;1
278.7916667;-6.458333333;1
278.9583333;-6.458333333;1
279.0416667;-6.458333333;1
279.125;-6.458333333;1
279.2083333;-6.458333333;1
279.2916667;-6.458333333;1
279.375;-6.458333333;1
279.4583333;-6.458333333;1
279.5416667;-6.458333333;1
278.125;-6.541666667;1
278.2083333;-6.541666667;1
278.2916667;-6.541666667;1
278.5416667;-6.541666667;1
278.625;-6.541666667;1
278.7916667;-6.541666667;1
278.875;-6.541666667;1
278.9583333;-6.541666667;1
279.0416667;-6.541666667;1
279.125;-6.541666667;1
279.2083333;-6.541666667;1
279.375;-6.541666667;1
279.4583333;-6.541666667;1
279.5416667;-6.541666667;1
279.625;-6.541666667;1
279.7083333;-6.541666667;1
278.0416667;-6.625;1
278.125;-6.625;1
278.5416667;-6.625;1
278.625;-6.625;1
278.7916667;-6.625;1
278.9583333;-6.625;1
279.0416667;-6.625;1
279.125;-6.625;1
279.2083333;-6.625;1
279.2916667;-6.625;1
279.375;-6.625;1
279.4583333;-6.625;1
279.5416667;-6.625;1
279.625;-6.625;1
279.7083333;-6.625;1
277.5416667;-6.708333333;1
277.9583333;-6.708333333;1
278.0416667;-6.708333333;1
278.2083333;-6.708333333;1
278.2916667;-6.708333333;1
278.375;-6.708333333;1
278.4583333;-6.708333333;1
278.875;-6.708333333;1
279.0416667;-6.708333333;1
279.125;-6.708333333;1
279.2083333;-6.708333333;1
279.2916667;-6.708333333;1
279.375;-6.708333333;1
279.4583333;-6.708333333;1
279.5416667;-6.708333333;1
279.625;-6.708333333;1
279.875;-6.708333333;1
279.9583333;-6.708333333;1
277.7916667;-6.791666667;1
277.875;-6.791666667;1
279.2083333;-6.791666667;1
279.2916667;-6.791666667;1
279.375;-6.791666667;1
279.4583333;-6.791666667;1
279.625;-6.791666667;1
279.7083333;-6.791666667;1
279.7916667;-6.791666667;1
279.875;-6.791666667;1
279.9583333;-6.791666667;1
277.625;-6.875;1
277.7083333;-6.875;1
277.7916667;-6.875;1
278.2083333;-6.875;1
278.5416667;-6.875;1
279.2083333;-6.875;1
279.2916667;-6.875;1
279.4583333;-6.875;1
279.5416667;-6.875;1
279.625;-6.875;1
279.7083333;-6.875;1
279.7916667;-6.875;1
279.875;-6.875;1
280.0416667;-6.875;1
277.5416667;-6.958333333;1
278.375;-6.958333333;1
279.375;-6.958333333;1
279.4583333;-6.958333333;1
279.5416667;-6.958333333;1
279.625;-6.958333333;1
279.7083333;-6.958333333;1
279.7916667;-6.958333333;1
279.875;-6.958333333;1
279.9583333;-6.958333333;1
280.0416667;-6.958333333;1
280.125;-6.958333333;1
277.375;-7.041666667;1
277.4583333;-7.041666667;1
277.875;-7.041666667;1
278.0416667;-7.041666667;1
278.2916667;-7.041666667;1
278.375;-7.041666667;1
278.7083333;-7.041666667;1
279.0416667;-7.041666667;1
279.2916667;-7.041666667;1
279.375;-7.041666667;1
279.5416667;-7.041666667;1
279.625;-7.041666667;1
279.7083333;-7.041666667;1
279.7916667;-7.041666667;1
279.875;-7.041666667;1
279.9583333;-7.041666667;1
280.0416667;-7.041666667;1
280.125;-7.041666667;1
280.2083333;-7.041666667;1
280.2916667;-7.041666667;1
277.7916667;-7.125;1
278.125;-7.125;1
278.2083333;-7.125;1
278.4583333;-7.125;1
278.5416667;-7.125;1
278.7916667;-7.125;1
279.2083333;-7.125;1
279.375;-7.125;1
279.4583333;-7.125;1
279.625;-7.125;1
279.7083333;-7.125;1
279.7916667;-7.125;1
280.0416667;-7.125;1
280.125;-7.125;1
280.2083333;-7.125;1
278.375;-7.208333333;1
278.4583333;-7.208333333;1
278.625;-7.208333333;1
278.7083333;-7.208333333;1
278.875;-7.208333333;1
279.0416667;-7.208333333;1
279.2916667;-7.208333333;1
279.4583333;-7.208333333;1
279.5416667;-7.208333333;1
279.7083333;-7.208333333;1
279.875;-7.208333333;1
279.9583333;-7.208333333;1
280.0416667;-7.208333333;1
280.125;-7.208333333;1
280.2083333;-7.208333333;1
280.2916667;-7.208333333;1
277.2916667;-7.291666667;1
278.375;-7.291666667;1
278.625;-7.291666667;1
278.7916667;-7.291666667;1
278.875;-7.291666667;1
279.375;-7.291666667;1
279.7083333;-7.291666667;1
279.7916667;-7.291666667;1
279.875;-7.291666667;1
279.9583333;-7.291666667;1
280.0416667;-7.291666667;1
280.125;-7.291666667;1
280.2083333;-7.291666667;1
280.2916667;-7.291666667;1
280.375;-7.291666667;1
278.375;-7.375;1
278.7083333;-7.375;1
278.7916667;-7.375;1
278.9583333;-7.375;1
279.0416667;-7.375;1
279.375;-7.375;1
279.5416667;-7.375;1
279.625;-7.375;1
279.7916667;-7.375;1
279.9583333;-7.375;1
280.0416667;-7.375;1
280.125;-7.375;1
280.2083333;-7.375;1
280.2916667;-7.375;1
280.375;-7.375;1
278.2916667;-7.458333333;1
278.7916667;-7.458333333;1
278.875;-7.458333333;1
279.2083333;-7.458333333;1
279.2916667;-7.458333333;1
279.5416667;-7.458333333;1
279.7916667;-7.458333333;1
279.875;-7.458333333;1
279.9583333;-7.458333333;1
280.0416667;-7.458333333;1
280.125;-7.458333333;1
280.2083333;-7.458333333;1
280.2916667;-7.458333333;1
280.375;-7.458333333;1
277.625;-7.541666667;1
277.9583333;-7.541666667;1
279.0416667;-7.541666667;1
279.125;-7.541666667;1
279.2916667;-7.541666667;1
279.375;-7.541666667;1
279.625;-7.541666667;1
279.7083333;-7.541666667;1
279.9583333;-7.541666667;1
280.125;-7.541666667;1
280.2083333;-7.541666667;1
280.2916667;-7.541666667;1
280.375;-7.541666667;1
280.4583333;-7.541666667;1
278.0416667;-7.625;1
278.9583333;-7.625;1
279.2083333;-7.625;1
279.5416667;-7.625;1
279.7916667;-7.625;1
279.875;-7.625;1
279.9583333;-7.625;1
280.0416667;-7.625;1
280.2083333;-7.625;1
280.2916667;-7.625;1
280.375;-7.625;1
280.4583333;-7.625;1
280.5416667;-7.625;1
277.2916667;-7.708333333;1
278.7916667;-7.708333333;1
279.0416667;-7.708333333;1
279.125;-7.708333333;1
279.375;-7.708333333;1
279.7083333;-7.708333333;1
279.875;-7.708333333;1
280.125;-7.708333333;1
280.2083333;-7.708333333;1
280.2916667;-7.708333333;1
280.375;-7.708333333;1
280.4583333;-7.708333333;1
278.4583333;-7.791666667;1
278.5416667;-7.791666667;1
278.9583333;-7.791666667;1
279.0416667;-7.791666667;1
279.2083333;-7.791666667;1
279.2916667;-7.791666667;1
279.625;-7.791666667;1
279.9583333;-7.791666667;1
280.0416667;-7.791666667;1
280.125;-7.791666667;1
280.2083333;-7.791666667;1
280.2916667;-7.791666667;1
280.375;-7.791666667;1
280.4583333;-7.791666667;1
280.5416667;-7.791666667;1
277.5416667;-7.875;1
278.375;-7.875;1
278.875;-7.875;1
279.0416667;-7.875;1
279.125;-7.875;1
279.2083333;-7.875;1
279.2916667;-7.875;1
279.375;-7.875;1
279.4583333;-7.875;1
279.5416667;-7.875;1
279.625;-7.875;1
279.7916667;-7.875;1
279.875;-7.875;1
279.9583333;-7.875;1
280.2916667;-7.875;1
280.375;-7.875;1
280.4583333;-7.875;1
280.5416667;-7.875;1
280.625;-7.875;1
278.2083333;-7.958333333;1
278.2916667;-7.958333333;1
278.7083333;-7.958333333;1
279.0416667;-7.958333333;1
279.125;-7.958333333;1
279.2916667;-7.958333333;1
279.375;-7.958333333;1
279.4583333;-7.958333333;1
279.5416667;-7.958333333;1
279.7083333;-7.958333333;1
279.7916667;-7.958333333;1
279.875;-7.958333333;1
280.125;-7.958333333;1
280.2083333;-7.958333333;1
280.2916667;-7.958333333;1
280.4583333;-7.958333333;1
280.5416667;-7.958333333;1
280.625;-7.958333333;1
280.7083333;-7.958333333;1
278.9583333;-8.041666667;1
279.0416667;-8.041666667;1
279.125;-8.041666667;1
279.2083333;-8.041666667;1
279.2916667;-8.041666667;1
279.5416667;-8.041666667;1
279.625;-8.041666667;1
279.7083333;-8.041666667;1
279.7916667;-8.041666667;1
280.0416667;-8.041666667;1
280.125;-8.041666667;1
280.2916667;-8.041666667;1
280.375;-8.041666667;1
280.4583333;-8.041666667;1
280.5416667;-8.041666667;1
280.625;-8.041666667;1
280.7083333;-8.041666667;1
280.7916667;-8.041666667;1
278.7083333;-8.125;1
278.7916667;-8.125;1
278.875;-8.125;1
278.9583333;-8.125;1
279.375;-8.125;1
279.5416667;-8.125;1
279.9583333;-8.125;1
280.2083333;-8.125;1
280.2916667;-8.125;1
280.4583333;-8.125;1
280.5416667;-8.125;1
280.625;-8.125;1
280.7083333;-8.125;1
280.7916667;-8.125;1
280.875;-8.125;1
275.0416667;-8.208333333;1
278.7916667;-8.208333333;1
279.2083333;-8.208333333;1
279.2916667;-8.208333333;1
279.4583333;-8.208333333;1
279.7916667;-8.208333333;1
279.875;-8.208333333;1
280.0416667;-8.208333333;1
280.2083333;-8.208333333;1
280.2916667;-8.208333333;1
280.375;-8.208333333;1
280.4583333;-8.208333333;1
280.5416667;-8.208333333;1
280.625;-8.208333333;1
280.7083333;-8.208333333;1
280.7916667;-8.208333333;1
280.875;-8.208333333;1
280.9583333;-8.208333333;1
278.7083333;-8.291666667;1
279.0416667;-8.291666667;1
279.125;-8.291666667;1
279.625;-8.291666667;1
279.7083333;-8.291666667;1
279.9583333;-8.291666667;1
280.125;-8.291666667;1
280.2916667;-8.291666667;1
280.5416667;-8.291666667;1
280.625;-8.291666667;1
280.7083333;-8.291666667;1
280.7916667;-8.291666667;1
280.875;-8.291666667;1
280.9583333;-8.291666667;1
278.9583333;-8.375;1
279.0416667;-8.375;1
279.2083333;-8.375;1
279.2916667;-8.375;1
279.4583333;-8.375;1
279.5416667;-8.375;1
279.7083333;-8.375;1
279.7916667;-8.375;1
279.875;-8.375;1
279.9583333;-8.375;1
280.0416667;-8.375;1
280.375;-8.375;1
280.4583333;-8.375;1
280.5416667;-8.375;1
280.625;-8.375;1
280.7083333;-8.375;1
280.7916667;-8.375;1
280.875;-8.375;1
280.9583333;-8.375;1
281.0416667;-8.375;1
278.875;-8.458333333;1
279.125;-8.458333333;1
279.2083333;-8.458333333;1
279.375;-8.458333333;1
279.4583333;-8.458333333;1
279.5416667;-8.458333333;1
279.7916667;-8.458333333;1
280.2083333;-8.458333333;1
280.2916667;-8.458333333;1
280.375;-8.458333333;1
280.4583333;-8.458333333;1
280.5416667;-8.458333333;1
280.625;-8.458333333;1
280.7083333;-8.458333333;1
280.7916667;-8.458333333;1
280.875;-8.458333333;1
280.9583333;-8.458333333;1
281.0416667;-8.458333333;1
275.7083333;-8.541666667;1
279.0416667;-8.541666667;1
279.125;-8.541666667;1
279.2083333;-8.541666667;1
279.2916667;-8.541666667;1
279.375;-8.541666667;1
279.625;-8.541666667;1
279.7083333;-8.541666667;1
280.125;-8.541666667;1
280.2083333;-8.541666667;1
280.2916667;-8.541666667;1
280.375;-8.541666667;1
280.4583333;-8.541666667;1
280.5416667;-8.541666667;1
280.7083333;-8.541666667;1
280.7916667;-8.541666667;1
280.875;-8.541666667;1
280.9583333;-8.541666667;1
281.0416667;-8.541666667;1
281.125;-8.541666667;1
281.2083333;-8.541666667;1
278.9583333;-8.625;1
279.125;-8.625;1
279.2083333;-8.625;1
279.4583333;-8.625;1
279.5416667;-8.625;1
280.125;-8.625;1
280.2916667;-8.625;1
280.375;-8.625;1
280.5416667;-8.625;1
280.625;-8.625;1
280.7083333;-8.625;1
280.7916667;-8.625;1
280.875;-8.625;1
280.9583333;-8.625;1
281.0416667;-8.625;1
281.125;-8.625;1
281.2083333;-8.625;1
279.2916667;-8.708333333;1
279.375;-8.708333333;1
279.625;-8.708333333;1
279.7083333;-8.708333333;1
279.875;-8.708333333;1
279.9583333;-8.708333333;1
280.125;-8.708333333;1
280.2083333;-8.708333333;1
280.2916667;-8.708333333;1
280.375;-8.708333333;1
280.4583333;-8.708333333;1
280.5416667;-8.708333333;1
280.625;-8.708333333;1
280.7083333;-8.708333333;1
280.7916667;-8.708333333;1
280.875;-8.708333333;1
280.9583333;-8.708333333;1
281.0416667;-8.708333333;1
281.125;-8.708333333;1
281.2083333;-8.708333333;1
279.4583333;-8.791666667;1
279.5416667;-8.791666667;1
279.9583333;-8.791666667;1
280.0416667;-8.791666667;1
280.125;-8.791666667;1
280.2083333;-8.791666667;1
280.2916667;-8.791666667;1
280.375;-8.791666667;1
280.4583333;-8.791666667;1
280.5416667;-8.791666667;1
280.7083333;-8.791666667;1
280.7916667;-8.791666667;1
280.875;-8.791666667;1
280.9583333;-8.791666667;1
281.0416667;-8.791666667;1
281.125;-8.791666667;1
281.2083333;-8.791666667;1
279.625;-8.875;1
279.7083333;-8.875;1
279.7916667;-8.875;1
279.875;-8.875;1
279.9583333;-8.875;1
280.125;-8.875;1
280.375;-8.875;1
280.625;-8.875;1
280.7083333;-8.875;1
280.7916667;-8.875;1
280.875;-8.875;1
280.9583333;-8.875;1
281.0416667;-8.875;1
281.125;-8.875;1
281.2083333;-8.875;1
281.2916667;-8.875;1
275.0416667;-8.958333333;1
279.4583333;-8.958333333;1
279.5416667;-8.958333333;1
279.625;-8.958333333;1
279.875;-8.958333333;1
280.0416667;-8.958333333;1
280.125;-8.958333333;1
280.2083333;-8.958333333;1
280.4583333;-8.958333333;1
280.5416667;-8.958333333;1
280.625;-8.958333333;1
280.7083333;-8.958333333;1
280.7916667;-8.958333333;1
280.875;-8.958333333;1
280.9583333;-8.958333333;1
281.0416667;-8.958333333;1
281.125;-8.958333333;1
281.2083333;-8.958333333;1
281.2916667;-8.958333333;1
279.2916667;-9.041666667;1
279.375;-9.041666667;1
279.4583333;-9.041666667;1
279.7916667;-9.041666667;1
280.375;-9.041666667;1
280.4583333;-9.041666667;1
280.5416667;-9.041666667;1
280.625;-9.041666667;1
280.7083333;-9.041666667;1
280.7916667;-9.041666667;1
280.875;-9.041666667;1
280.9583333;-9.041666667;1
281.0416667;-9.041666667;1
281.125;-9.041666667;1
281.2083333;-9.041666667;1
281.2916667;-9.041666667;1
281.375;-9.041666667;1
279.2083333;-9.125;1
279.2916667;-9.125;1
279.625;-9.125;1
279.7083333;-9.125;1
280.375;-9.125;1
280.4583333;-9.125;1
280.5416667;-9.125;1
280.625;-9.125;1
280.7083333;-9.125;1
280.7916667;-9.125;1
280.875;-9.125;1
281.0416667;-9.125;1
281.125;-9.125;1
281.2083333;-9.125;1
281.2916667;-9.125;1
281.375;-9.125;1
279.4583333;-9.208333333;1
279.5416667;-9.208333333;1
280.2083333;-9.208333333;1
280.4583333;-9.208333333;1
280.5416667;-9.208333333;1
280.625;-9.208333333;1
280.7916667;-9.208333333;1
280.875;-9.208333333;1
280.9583333;-9.208333333;1
281.0416667;-9.208333333;1
281.125;-9.208333333;1
281.2083333;-9.208333333;1
281.2916667;-9.208333333;1
281.375;-9.208333333;1
281.4583333;-9.208333333;1
280.125;-9.291666667;1
280.2083333;-9.291666667;1
280.2916667;-9.291666667;1
280.375;-9.291666667;1
280.7916667;-9.291666667;1
280.875;-9.291666667;1
280.9583333;-9.291666667;1
281.0416667;-9.291666667;1
281.125;-9.291666667;1
281.2083333;-9.291666667;1
281.2916667;-9.291666667;1
281.375;-9.291666667;1
281.4583333;-9.291666667;1
281.5416667;-9.291666667;1
279.7916667;-9.375;1
279.875;-9.375;1
279.9583333;-9.375;1
280.0416667;-9.375;1
280.875;-9.375;1
280.9583333;-9.375;1
281.0416667;-9.375;1
281.125;-9.375;1
281.2916667;-9.375;1
281.375;-9.375;1
281.4583333;-9.375;1
281.5416667;-9.375;1
279.5416667;-9.458333333;1
279.625;-9.458333333;1
279.7083333;-9.458333333;1
280.125;-9.458333333;1
280.2916667;-9.458333333;1
280.4583333;-9.458333333;1
280.625;-9.458333333;1
280.7083333;-9.458333333;1
280.7916667;-9.458333333;1
280.875;-9.458333333;1
280.9583333;-9.458333333;1
281.0416667;-9.458333333;1
281.125;-9.458333333;1
281.2083333;-9.458333333;1
281.2916667;-9.458333333;1
281.375;-9.458333333;1
281.4583333;-9.458333333;1
281.5416667;-9.458333333;1
279.375;-9.541666667;1
279.4583333;-9.541666667;1
280.375;-9.541666667;1
280.4583333;-9.541666667;1
280.5416667;-9.541666667;1
280.625;-9.541666667;1
280.7916667;-9.541666667;1
280.875;-9.541666667;1
280.9583333;-9.541666667;1
281.0416667;-9.541666667;1
281.125;-9.541666667;1
281.2083333;-9.541666667;1
281.2916667;-9.541666667;1
281.375;-9.541666667;1
281.4583333;-9.541666667;1
281.5416667;-9.541666667;1
281.625;-9.541666667;1
280.375;-9.625;1
280.875;-9.625;1
280.9583333;-9.625;1
281.0416667;-9.625;1
281.125;-9.625;1
281.2083333;-9.625;1
281.375;-9.625;1
281.4583333;-9.625;1
281.5416667;-9.625;1
281.625;-9.625;1
280.2083333;-9.708333333;1
280.2916667;-9.708333333;1
280.5416667;-9.708333333;1
280.875;-9.708333333;1
280.9583333;-9.708333333;1
281.2083333;-9.708333333;1
281.2916667;-9.708333333;1
281.375;-9.708333333;1
281.4583333;-9.708333333;1
281.5416667;-9.708333333;1
281.625;-9.708333333;1
281.7083333;-9.708333333;1
280.0416667;-9.791666667;1
280.125;-9.791666667;1
280.2916667;-9.791666667;1
280.375;-9.791666667;1
280.4583333;-9.791666667;1
280.875;-9.791666667;1
281.0416667;-9.791666667;1
281.125;-9.791666667;1
281.2083333;-9.791666667;1
281.2916667;-9.791666667;1
281.375;-9.791666667;1
281.4583333;-9.791666667;1
281.5416667;-9.791666667;1
281.625;-9.791666667;1
281.7083333;-9.791666667;1
279.625;-9.875;1
280.0416667;-9.875;1
280.125;-9.875;1
280.2083333;-9.875;1
280.4583333;-9.875;1
280.875;-9.875;1
280.9583333;-9.875;1
281.0416667;-9.875;1
281.125;-9.875;1
281.2083333;-9.875;1
281.2916667;-9.875;1
281.375;-9.875;1
281.4583333;-9.875;1
281.5416667;-9.875;1
281.625;-9.875;1
281.7083333;-9.875;1
280.4583333;-9.958333333;1
280.7083333;-9.958333333;1
280.7916667;-9.958333333;1
280.875;-9.958333333;1
280.9583333;-9.958333333;1
281.2083333;-9.958333333;1
281.2916667;-9.958333333;1
281.375;-9.958333333;1
281.4583333;-9.958333333;1
281.5416667;-9.958333333;1
281.625;-9.958333333;1
281.7083333;-9.958333333;1
281.7916667;-9.958333333;1
280.125;-10.04166667;1
280.2916667;-10.04166667;1
280.375;-10.04166667;1
280.625;-10.04166667;1
280.7083333;-10.04166667;1
280.7916667;-10.04166667;1
280.875;-10.04166667;1
281.0416667;-10.04166667;1
281.125;-10.04166667;1
281.2083333;-10.04166667;1
281.2916667;-10.04166667;1
281.375;-10.04166667;1
281.4583333;-10.04166667;1
281.5416667;-10.04166667;1
281.625;-10.04166667;1
281.7083333;-10.04166667;1
281.7916667;-10.04166667;1
280.125;-10.125;1
280.4583333;-10.125;1
280.5416667;-10.125;1
280.625;-10.125;1
280.875;-10.125;1
280.9583333;-10.125;1
281.0416667;-10.125;1
281.125;-10.125;1
281.2083333;-10.125;1
281.2916667;-10.125;1
281.375;-10.125;1
281.4583333;-10.125;1
281.5416667;-10.125;1
281.625;-10.125;1
281.7083333;-10.125;1
281.7916667;-10.125;1
279.9583333;-10.20833333;1
280.375;-10.20833333;1
280.4583333;-10.20833333;1
280.5416667;-10.20833333;1
280.625;-10.20833333;1
280.7083333;-10.20833333;1
280.875;-10.20833333;1
280.9583333;-10.20833333;1
281.0416667;-10.20833333;1
281.125;-10.20833333;1
281.2916667;-10.20833333;1
281.375;-10.20833333;1
281.4583333;-10.20833333;1
281.5416667;-10.20833333;1
281.625;-10.20833333;1
281.7083333;-10.20833333;1
281.7916667;-10.20833333;1
281.875;-10.20833333;1
279.0416667;-10.29166667;1
279.7916667;-10.29166667;1
280.2083333;-10.29166667;1
280.2916667;-10.29166667;1
280.375;-10.29166667;1
280.4583333;-10.29166667;1
280.7083333;-10.29166667;1
280.7916667;-10.29166667;1
280.875;-10.29166667;1
281.0416667;-10.29166667;1
281.125;-10.29166667;1
281.2083333;-10.29166667;1
281.2916667;-10.29166667;1
281.375;-10.29166667;1
281.4583333;-10.29166667;1
281.5416667;-10.29166667;1
281.625;-10.29166667;1
281.7083333;-10.29166667;1
281.7916667;-10.29166667;1
281.875;-10.29166667;1
281.9583333;-10.29166667;1
280.0416667;-10.375;1
280.125;-10.375;1
280.2083333;-10.375;1
280.5416667;-10.375;1
280.625;-10.375;1
280.7916667;-10.375;1
280.9583333;-10.375;1
281.0416667;-10.375;1
281.125;-10.375;1
281.2083333;-10.375;1
281.375;-10.375;1
281.4583333;-10.375;1
281.625;-10.375;1
281.7083333;-10.375;1
281.7916667;-10.375;1
281.875;-10.375;1
281.9583333;-10.375;1
279.7916667;-10.45833333;1
279.9583333;-10.45833333;1
280.0416667;-10.45833333;1
280.375;-10.45833333;1
280.4583333;-10.45833333;1
280.7083333;-10.45833333;1
280.7916667;-10.45833333;1
280.875;-10.45833333;1
281.0416667;-10.45833333;1
281.2916667;-10.45833333;1
281.4583333;-10.45833333;1
281.5416667;-10.45833333;1
281.625;-10.45833333;1
281.7083333;-10.45833333;1
281.7916667;-10.45833333;1
281.875;-10.45833333;1
281.9583333;-10.45833333;1
282.0416667;-10.45833333;1
279.7916667;-10.54166667;1
279.875;-10.54166667;1
280.2083333;-10.54166667;1
280.4583333;-10.54166667;1
280.5416667;-10.54166667;1
280.625;-10.54166667;1
280.7083333;-10.54166667;1
280.7916667;-10.54166667;1
280.875;-10.54166667;1
280.9583333;-10.54166667;1
281.125;-10.54166667;1
281.2083333;-10.54166667;1
281.2916667;-10.54166667;1
281.375;-10.54166667;1
281.5416667;-10.54166667;1
281.625;-10.54166667;1
281.7083333;-10.54166667;1
281.7916667;-10.54166667;1
281.875;-10.54166667;1
281.9583333;-10.54166667;1
282.0416667;-10.54166667;1
279.7083333;-10.625;1
280.125;-10.625;1
280.375;-10.625;1
280.4583333;-10.625;1
280.5416667;-10.625;1
280.625;-10.625;1
280.7083333;-10.625;1
280.7916667;-10.625;1
280.875;-10.625;1
280.9583333;-10.625;1
281.0416667;-10.625;1
281.125;-10.625;1
281.375;-10.625;1
281.4583333;-10.625;1
281.5416667;-10.625;1
281.625;-10.625;1
281.7083333;-10.625;1
281.7916667;-10.625;1
281.875;-10.625;1
281.9583333;-10.625;1
282.0416667;-10.625;1
282.125;-10.625;1
280.2916667;-10.70833333;1
280.375;-10.70833333;1
280.4583333;-10.70833333;1
280.5416667;-10.70833333;1
280.625;-10.70833333;1
280.7083333;-10.70833333;1
280.7916667;-10.70833333;1
280.875;-10.70833333;1
280.9583333;-10.70833333;1
281.2083333;-10.70833333;1
281.2916667;-10.70833333;1
281.375;-10.70833333;1
281.4583333;-10.70833333;1
281.625;-10.70833333;1
281.7083333;-10.70833333;1
281.7916667;-10.70833333;1
281.875;-10.70833333;1
281.9583333;-10.70833333;1
282.0416667;-10.70833333;1
282.125;-10.70833333;1
280.2916667;-10.79166667;1
280.375;-10.79166667;1
280.4583333;-10.79166667;1
280.5416667;-10.79166667;1
280.7083333;-10.79166667;1
280.7916667;-10.79166667;1
280.875;-10.79166667;1
281.0416667;-10.79166667;1
281.125;-10.79166667;1
281.2083333;-10.79166667;1
281.375;-10.79166667;1
281.4583333;-10.79166667;1
281.5416667;-10.79166667;1
281.625;-10.79166667;1
281.7916667;-10.79166667;1
281.875;-10.79166667;1
281.9583333;-10.79166667;1
282.0416667;-10.79166667;1
282.125;-10.79166667;1
282.2083333;-10.79166667;1
280.2083333;-10.875;1
280.2916667;-10.875;1
280.5416667;-10.875;1
280.625;-10.875;1
280.7083333;-10.875;1
280.9583333;-10.875;1
281.2916667;-10.875;1
281.375;-10.875;1
281.4583333;-10.875;1
281.7083333;-10.875;1
281.7916667;-10.875;1
281.9583333;-10.875;1
282.0416667;-10.875;1
282.125;-10.875;1
282.2083333;-10.875;1
282.2916667;-10.875;1
280.375;-10.95833333;1
280.5416667;-10.95833333;1
280.7916667;-10.95833333;1
280.875;-10.95833333;1
281.0416667;-10.95833333;1
281.125;-10.95833333;1
281.2083333;-10.95833333;1
281.5416667;-10.95833333;1
281.625;-10.95833333;1
281.7083333;-10.95833333;1
281.7916667;-10.95833333;1
281.875;-10.95833333;1
282.0416667;-10.95833333;1
282.125;-10.95833333;1
282.2083333;-10.95833333;1
282.2916667;-10.95833333;1
280.375;-11.04166667;1
280.625;-11.04166667;1
280.7083333;-11.04166667;1
281.0416667;-11.04166667;1
281.2083333;-11.04166667;1
281.2916667;-11.04166667;1
281.375;-11.04166667;1
281.4583333;-11.04166667;1
281.7083333;-11.04166667;1
281.7916667;-11.04166667;1
281.875;-11.04166667;1
281.9583333;-11.04166667;1
282.0416667;-11.04166667;1
282.125;-11.04166667;1
282.2083333;-11.04166667;1
282.2916667;-11.04166667;1
282.375;-11.04166667;1
280.4583333;-11.125;1
280.5416667;-11.125;1
280.625;-11.125;1
280.875;-11.125;1
280.9583333;-11.125;1
281.0416667;-11.125;1
281.125;-11.125;1
281.2083333;-11.125;1
281.2916667;-11.125;1
281.375;-11.125;1
281.7916667;-11.125;1
281.875;-11.125;1
281.9583333;-11.125;1
282.0416667;-11.125;1
282.125;-11.125;1
282.2083333;-11.125;1
282.2916667;-11.125;1
282.375;-11.125;1
280.4583333;-11.20833333;1
280.7083333;-11.20833333;1
280.7916667;-11.20833333;1
280.875;-11.20833333;1
281.0416667;-11.20833333;1
281.125;-11.20833333;1
281.2083333;-11.20833333;1
281.2916667;-11.20833333;1
281.375;-11.20833333;1
281.625;-11.20833333;1
281.7083333;-11.20833333;1
281.875;-11.20833333;1
281.9583333;-11.20833333;1
282.0416667;-11.20833333;1
282.125;-11.20833333;1
282.2083333;-11.20833333;1
282.2916667;-11.20833333;1
280.5416667;-11.29166667;1
280.625;-11.29166667;1
280.7083333;-11.29166667;1
280.9583333;-11.29166667;1
281.0416667;-11.29166667;1
281.125;-11.29166667;1
281.2083333;-11.29166667;1
281.4583333;-11.29166667;1
281.5416667;-11.29166667;1
281.625;-11.29166667;1
281.7916667;-11.29166667;1
281.9583333;-11.29166667;1
282.0416667;-11.29166667;1
282.125;-11.29166667;1
282.2083333;-11.29166667;1
282.2916667;-11.29166667;1
282.375;-11.29166667;1
280.2916667;-11.375;1
280.375;-11.375;1
280.4583333;-11.375;1
280.5416667;-11.375;1
280.7083333;-11.375;1
280.7916667;-11.375;1
281.125;-11.375;1
281.375;-11.375;1
281.4583333;-11.375;1
281.5416667;-11.375;1
281.7083333;-11.375;1
281.7916667;-11.375;1
281.875;-11.375;1
281.9583333;-11.375;1
282.0416667;-11.375;1
282.2083333;-11.375;1
282.2916667;-11.375;1
282.375;-11.375;1
282.4583333;-11.375;1
280.0416667;-11.45833333;1
280.125;-11.45833333;1
280.2083333;-11.45833333;1
280.2916667;-11.45833333;1
280.375;-11.45833333;1
280.4583333;-11.45833333;1
280.9583333;-11.45833333;1
281.0416667;-11.45833333;1
281.2083333;-11.45833333;1
281.2916667;-11.45833333;1
281.375;-11.45833333;1
281.4583333;-11.45833333;1
281.625;-11.45833333;1
281.7083333;-11.45833333;1
281.7916667;-11.45833333;1
281.9583333;-11.45833333;1
282.0416667;-11.45833333;1
282.125;-11.45833333;1
282.2083333;-11.45833333;1
282.2916667;-11.45833333;1
282.375;-11.45833333;1
282.4583333;-11.45833333;1
282.5416667;-11.45833333;1
282.625;-11.45833333;1
279.7916667;-11.54166667;1
279.875;-11.54166667;1
279.9583333;-11.54166667;1
280.2083333;-11.54166667;1
281.125;-11.54166667;1
281.2083333;-11.54166667;1
281.2916667;-11.54166667;1
281.4583333;-11.54166667;1
281.5416667;-11.54166667;1
281.7916667;-11.54166667;1
281.875;-11.54166667;1
281.9583333;-11.54166667;1
282.0416667;-11.54166667;1
282.125;-11.54166667;1
282.2083333;-11.54166667;1
282.2916667;-11.54166667;1
282.375;-11.54166667;1
282.4583333;-11.54166667;1
282.5416667;-11.54166667;1
282.625;-11.54166667;1
282.7083333;-11.54166667;1
280.875;-11.625;1
280.9583333;-11.625;1
281.0416667;-11.625;1
281.2916667;-11.625;1
281.375;-11.625;1
281.4583333;-11.625;1
281.625;-11.625;1
281.7083333;-11.625;1
281.7916667;-11.625;1
281.875;-11.625;1
282.0416667;-11.625;1
282.125;-11.625;1
282.2083333;-11.625;1
282.2916667;-11.625;1
282.375;-11.625;1
282.4583333;-11.625;1
282.5416667;-11.625;1
282.625;-11.625;1
282.7083333;-11.625;1
280.625;-11.70833333;1
280.7083333;-11.70833333;1
280.7916667;-11.70833333;1
280.875;-11.70833333;1
281.2083333;-11.70833333;1
281.375;-11.70833333;1
281.5416667;-11.70833333;1
281.7083333;-11.70833333;1
281.875;-11.70833333;1
281.9583333;-11.70833333;1
282.0416667;-11.70833333;1
282.125;-11.70833333;1
282.2083333;-11.70833333;1
282.2916667;-11.70833333;1
282.375;-11.70833333;1
282.4583333;-11.70833333;1
282.5416667;-11.70833333;1
282.625;-11.70833333;1
282.7083333;-11.70833333;1
280.2916667;-11.79166667;1
280.375;-11.79166667;1
280.4583333;-11.79166667;1
280.5416667;-11.79166667;1
280.7083333;-11.79166667;1
281.0416667;-11.79166667;1
281.125;-11.79166667;1
281.2083333;-11.79166667;1
281.5416667;-11.79166667;1
281.625;-11.79166667;1
281.7083333;-11.79166667;1
281.7916667;-11.79166667;1
281.875;-11.79166667;1
282.125;-11.79166667;1
282.2083333;-11.79166667;1
282.2916667;-11.79166667;1
282.375;-11.79166667;1
282.4583333;-11.79166667;1
282.5416667;-11.79166667;1
282.625;-11.79166667;1
282.7083333;-11.79166667;1
282.7916667;-11.79166667;1
280.5416667;-11.875;1
280.875;-11.875;1
281.2083333;-11.875;1
281.2916667;-11.875;1
281.4583333;-11.875;1
281.5416667;-11.875;1
281.625;-11.875;1
281.7083333;-11.875;1
281.875;-11.875;1
281.9583333;-11.875;1
282.0416667;-11.875;1
282.2083333;-11.875;1
282.2916667;-11.875;1
282.375;-11.875;1
282.4583333;-11.875;1
282.5416667;-11.875;1
282.625;-11.875;1
282.7083333;-11.875;1
282.7916667;-11.875;1
280.7083333;-11.95833333;1
280.7916667;-11.95833333;1
281.2083333;-11.95833333;1
281.375;-11.95833333;1
281.625;-11.95833333;1
281.7083333;-11.95833333;1
281.7916667;-11.95833333;1
281.875;-11.95833333;1
282.0416667;-11.95833333;1
282.125;-11.95833333;1
282.2916667;-11.95833333;1
282.375;-11.95833333;1
282.4583333;-11.95833333;1
282.5416667;-11.95833333;1
282.625;-11.95833333;1
282.7083333;-11.95833333;1
282.7916667;-11.95833333;1
282.875;-11.95833333;1
280.375;-12.04166667;1
280.5416667;-12.04166667;1
280.625;-12.04166667;1
280.875;-12.04166667;1
280.9583333;-12.04166667;1
281.0416667;-12.04166667;1
281.125;-12.04166667;1
281.2083333;-12.04166667;1
281.2916667;-12.04166667;1
281.5416667;-12.04166667;1
281.625;-12.04166667;1
281.7083333;-12.04166667;1
281.875;-12.04166667;1
281.9583333;-12.04166667;1
282.2083333;-12.04166667;1
282.2916667;-12.04166667;1
282.375;-12.04166667;1
282.4583333;-12.04166667;1
282.5416667;-12.04166667;1
282.625;-12.04166667;1
282.7083333;-12.04166667;1
282.7916667;-12.04166667;1
280.375;-12.125;1
280.4583333;-12.125;1
281.2083333;-12.125;1
281.2916667;-12.125;1
281.5416667;-12.125;1
281.7916667;-12.125;1
281.9583333;-12.125;1
282.0416667;-12.125;1
282.125;-12.125;1
282.2083333;-12.125;1
282.2916667;-12.125;1
282.375;-12.125;1
282.4583333;-12.125;1
282.5416667;-12.125;1
282.625;-12.125;1
282.7083333;-12.125;1
282.7916667;-12.125;1
282.9583333;-12.125;1
280.625;-12.20833333;1
281.125;-12.20833333;1
281.5416667;-12.20833333;1
281.625;-12.20833333;1
281.7083333;-12.20833333;1
281.9583333;-12.20833333;1
282.0416667;-12.20833333;1
282.125;-12.20833333;1
282.2083333;-12.20833333;1
282.2916667;-12.20833333;1
282.375;-12.20833333;1
282.4583333;-12.20833333;1
282.5416667;-12.20833333;1
282.625;-12.20833333;1
282.7083333;-12.20833333;1
282.7916667;-12.20833333;1
282.875;-12.20833333;1
282.9583333;-12.20833333;1
280.9583333;-12.29166667;1
281.2083333;-12.29166667;1
281.2916667;-12.29166667;1
281.375;-12.29166667;1
281.4583333;-12.29166667;1
281.7083333;-12.29166667;1
281.7916667;-12.29166667;1
281.875;-12.29166667;1
281.9583333;-12.29166667;1
282.0416667;-12.29166667;1
282.2083333;-12.29166667;1
282.2916667;-12.29166667;1
282.375;-12.29166667;1
282.4583333;-12.29166667;1
282.5416667;-12.29166667;1
282.625;-12.29166667;1
282.7083333;-12.29166667;1
282.7916667;-12.29166667;1
282.875;-12.29166667;1
282.9583333;-12.29166667;1
283.0416667;-12.29166667;1
281.125;-12.375;1
281.2916667;-12.375;1
281.4583333;-12.375;1
281.5416667;-12.375;1
281.625;-12.375;1
281.7083333;-12.375;1
281.7916667;-12.375;1
281.875;-12.375;1
282.0416667;-12.375;1
282.125;-12.375;1
282.2083333;-12.375;1
282.375;-12.375;1
282.4583333;-12.375;1
282.5416667;-12.375;1
282.625;-12.375;1
282.7083333;-12.375;1
282.7916667;-12.375;1
282.875;-12.375;1
282.9583333;-12.375;1
283.0416667;-12.375;1
283.125;-12.375;1
283.2083333;-12.375;1
281.125;-12.45833333;1
281.2083333;-12.45833333;1
281.5416667;-12.45833333;1
281.625;-12.45833333;1
281.7083333;-12.45833333;1
281.7916667;-12.45833333;1
281.9583333;-12.45833333;1
282.0416667;-12.45833333;1
282.2083333;-12.45833333;1
282.2916667;-12.45833333;1
282.375;-12.45833333;1
282.4583333;-12.45833333;1
282.5416667;-12.45833333;1
282.625;-12.45833333;1
282.7083333;-12.45833333;1
282.7916667;-12.45833333;1
282.875;-12.45833333;1
282.9583333;-12.45833333;1
283.0416667;-12.45833333;1
283.125;-12.45833333;1
283.2083333;-12.45833333;1
280.9583333;-12.54166667;1
281.0416667;-12.54166667;1
281.2916667;-12.54166667;1
281.5416667;-12.54166667;1
281.625;-12.54166667;1
281.7916667;-12.54166667;1
281.875;-12.54166667;1
281.9583333;-12.54166667;1
282.125;-12.54166667;1
282.2083333;-12.54166667;1
282.2916667;-12.54166667;1
282.625;-12.54166667;1
282.7083333;-12.54166667;1
282.7916667;-12.54166667;1
282.875;-12.54166667;1
282.9583333;-12.54166667;1
283.0416667;-12.54166667;1
283.125;-12.54166667;1
283.2083333;-12.54166667;1
281.125;-12.625;1
281.625;-12.625;1
281.7083333;-12.625;1
281.7916667;-12.625;1
281.875;-12.625;1
281.9583333;-12.625;1
282.125;-12.625;1
282.2916667;-12.625;1
282.4583333;-12.625;1
282.5416667;-12.625;1
282.7083333;-12.625;1
282.7916667;-12.625;1
282.9583333;-12.625;1
283.0416667;-12.625;1
283.125;-12.625;1
283.2083333;-12.625;1
283.2916667;-12.625;1
280.9583333;-12.70833333;1
281.0416667;-12.70833333;1
281.4583333;-12.70833333;1
281.5416667;-12.70833333;1
281.625;-12.70833333;1
281.7083333;-12.70833333;1
281.7916667;-12.70833333;1
281.875;-12.70833333;1
281.9583333;-12.70833333;1
282.0416667;-12.70833333;1
282.125;-12.70833333;1
282.2083333;-12.70833333;1
282.5416667;-12.70833333;1
282.625;-12.70833333;1
282.7916667;-12.70833333;1
282.875;-12.70833333;1
282.9583333;-12.70833333;1
283.0416667;-12.70833333;1
283.125;-12.70833333;1
283.2083333;-12.70833333;1
283.2916667;-12.70833333;1
281.375;-12.79166667;1
281.4583333;-12.79166667;1
281.625;-12.79166667;1
281.7916667;-12.79166667;1
281.875;-12.79166667;1
281.9583333;-12.79166667;1
282.0416667;-12.79166667;1
282.375;-12.79166667;1
282.4583333;-12.79166667;1
282.7083333;-12.79166667;1
282.7916667;-12.79166667;1
282.875;-12.79166667;1
282.9583333;-12.79166667;1
283.125;-12.79166667;1
283.2083333;-12.79166667;1
283.2916667;-12.79166667;1
283.375;-12.79166667;1
281.2083333;-12.875;1
281.2916667;-12.875;1
281.7083333;-12.875;1
281.7916667;-12.875;1
281.875;-12.875;1
282.2083333;-12.875;1
282.2916667;-12.875;1
282.7083333;-12.875;1
282.7916667;-12.875;1
282.875;-12.875;1
282.9583333;-12.875;1
283.0416667;-12.875;1
283.125;-12.875;1
283.2083333;-12.875;1
283.2916667;-12.875;1
283.375;-12.875;1
283.4583333;-12.875;1
280.5416667;-12.95833333;1
281.0416667;-12.95833333;1
281.125;-12.95833333;1
281.625;-12.95833333;1
281.7083333;-12.95833333;1
281.7916667;-12.95833333;1
282.0416667;-12.95833333;1
282.125;-12.95833333;1
282.2083333;-12.95833333;1
282.4583333;-12.95833333;1
282.5416667;-12.95833333;1
282.625;-12.95833333;1
282.7083333;-12.95833333;1
282.7916667;-12.95833333;1
282.875;-12.95833333;1
282.9583333;-12.95833333;1
283.0416667;-12.95833333;1
283.125;-12.95833333;1
283.2083333;-12.95833333;1
283.2916667;-12.95833333;1
283.375;-12.95833333;1
283.4583333;-12.95833333;1
280.875;-13.04166667;1
280.9583333;-13.04166667;1
281.4583333;-13.04166667;1
281.5416667;-13.04166667;1
281.625;-13.04166667;1
281.7083333;-13.04166667;1
281.875;-13.04166667;1
281.9583333;-13.04166667;1
282.0416667;-13.04166667;1
282.375;-13.04166667;1
282.4583333;-13.04166667;1
282.5416667;-13.04166667;1
282.625;-13.04166667;1
282.7083333;-13.04166667;1
282.7916667;-13.04166667;1
282.875;-13.04166667;1
282.9583333;-13.04166667;1
283.0416667;-13.04166667;1
283.125;-13.04166667;1
283.2083333;-13.04166667;1
283.2916667;-13.04166667;1
283.375;-13.04166667;1
283.4583333;-13.04166667;1
283.5416667;-13.04166667;1
280.7916667;-13.125;1
281.125;-13.125;1
281.7916667;-13.125;1
281.875;-13.125;1
281.9583333;-13.125;1
282.2083333;-13.125;1
282.2916667;-13.125;1
282.375;-13.125;1
282.4583333;-13.125;1
282.5416667;-13.125;1
282.625;-13.125;1
282.7083333;-13.125;1
282.7916667;-13.125;1
282.875;-13.125;1
282.9583333;-13.125;1
283.0416667;-13.125;1
283.125;-13.125;1
283.2083333;-13.125;1
283.2916667;-13.125;1
283.375;-13.125;1
283.4583333;-13.125;1
283.5416667;-13.125;1
280.625;-13.20833333;1
280.7083333;-13.20833333;1
281.7083333;-13.20833333;1
281.7916667;-13.20833333;1
282.125;-13.20833333;1
282.2083333;-13.20833333;1
282.2916667;-13.20833333;1
282.4583333;-13.20833333;1
282.5416667;-13.20833333;1
282.625;-13.20833333;1
282.7083333;-13.20833333;1
282.7916667;-13.20833333;1
282.9583333;-13.20833333;1
283.0416667;-13.20833333;1
283.125;-13.20833333;1
283.2083333;-13.20833333;1
283.2916667;-13.20833333;1
283.375;-13.20833333;1
283.4583333;-13.20833333;1
283.5416667;-13.20833333;1
283.625;-13.20833333;1
280.4583333;-13.29166667;1
280.5416667;-13.29166667;1
281.625;-13.29166667;1
281.7083333;-13.29166667;1
281.9583333;-13.29166667;1
282.0416667;-13.29166667;1
282.125;-13.29166667;1
282.4583333;-13.29166667;1
282.5416667;-13.29166667;1
282.625;-13.29166667;1
282.7083333;-13.29166667;1
283.0416667;-13.29166667;1
283.125;-13.29166667;1
283.375;-13.29166667;1
283.4583333;-13.29166667;1
283.5416667;-13.29166667;1
283.625;-13.29166667;1
283.7083333;-13.29166667;1
280.2916667;-13.375;1
280.375;-13.375;1
281.375;-13.375;1
281.7916667;-13.375;1
281.9583333;-13.375;1
282.2916667;-13.375;1
282.375;-13.375;1
282.4583333;-13.375;1
282.5416667;-13.375;1
282.7916667;-13.375;1
282.875;-13.375;1
283.0416667;-13.375;1
283.2916667;-13.375;1
283.375;-13.375;1
283.4583333;-13.375;1
283.5416667;-13.375;1
283.625;-13.375;1
283.7083333;-13.375;1
283.7916667;-13.375;1
280.2083333;-13.45833333;1
282.125;-13.45833333;1
282.2083333;-13.45833333;1
282.2916667;-13.45833333;1
282.4583333;-13.45833333;1
282.625;-13.45833333;1
282.7083333;-13.45833333;1
282.7916667;-13.45833333;1
283.0416667;-13.45833333;1
283.125;-13.45833333;1
283.2083333;-13.45833333;1
283.2916667;-13.45833333;1
283.375;-13.45833333;1
283.4583333;-13.45833333;1
283.5416667;-13.45833333;1
283.625;-13.45833333;1
283.7083333;-13.45833333;1
283.7916667;-13.45833333;1
280.0416667;-13.54166667;1
280.125;-13.54166667;1
281.7083333;-13.54166667;1
281.9583333;-13.54166667;1
282.0416667;-13.54166667;1
282.125;-13.54166667;1
282.2083333;-13.54166667;1
282.4583333;-13.54166667;1
282.5416667;-13.54166667;1
282.625;-13.54166667;1
282.7083333;-13.54166667;1
282.7916667;-13.54166667;1
282.875;-13.54166667;1
283.0416667;-13.54166667;1
283.125;-13.54166667;1
283.2916667;-13.54166667;1
283.4583333;-13.54166667;1
283.5416667;-13.54166667;1
283.625;-13.54166667;1
283.7083333;-13.54166667;1
283.7916667;-13.54166667;1
281.875;-13.625;1
282.0416667;-13.625;1
282.125;-13.625;1
282.2916667;-13.625;1
282.375;-13.625;1
282.4583333;-13.625;1
282.5416667;-13.625;1
282.625;-13.625;1
282.9583333;-13.625;1
283.0416667;-13.625;1
283.2083333;-13.625;1
283.2916667;-13.625;1
283.375;-13.625;1
283.4583333;-13.625;1
283.5416667;-13.625;1
283.625;-13.625;1
283.7083333;-13.625;1
283.7916667;-13.625;1
281.625;-13.70833333;1
281.7083333;-13.70833333;1
281.7916667;-13.70833333;1
282.2916667;-13.70833333;1
282.375;-13.70833333;1
282.7916667;-13.70833333;1
282.875;-13.70833333;1
282.9583333;-13.70833333;1
283.0416667;-13.70833333;1
283.125;-13.70833333;1
283.2083333;-13.70833333;1
283.2916667;-13.70833333;1
283.375;-13.70833333;1
283.4583333;-13.70833333;1
283.5416667;-13.70833333;1
283.625;-13.70833333;1
283.7083333;-13.70833333;1
283.7916667;-13.70833333;1
281.625;-13.79166667;1
282.0416667;-13.79166667;1
282.5416667;-13.79166667;1
282.625;-13.79166667;1
282.7083333;-13.79166667;1
282.7916667;-13.79166667;1
282.9583333;-13.79166667;1
283.0416667;-13.79166667;1
283.125;-13.79166667;1
283.375;-13.79166667;1
283.4583333;-13.79166667;1
283.5416667;-13.79166667;1
283.625;-13.79166667;1
281.5416667;-13.875;1
282.2916667;-13.875;1
282.375;-13.875;1
282.625;-13.875;1
282.7083333;-13.875;1
282.7916667;-13.875;1
282.875;-13.875;1
282.9583333;-13.875;1
283.0416667;-13.875;1
283.125;-13.875;1
283.2916667;-13.875;1
283.375;-13.875;1
283.4583333;-13.875;1
283.5416667;-13.875;1
282.2916667;-13.95833333;1
282.5416667;-13.95833333;1
282.625;-13.95833333;1
282.7083333;-13.95833333;1
282.875;-13.95833333;1
282.9583333;-13.95833333;1
283.0416667;-13.95833333;1
283.125;-13.95833333;1
283.2083333;-13.95833333;1
283.5416667;-13.95833333;1
283.625;-13.95833333;1
281.7083333;-14.04166667;1
282.125;-14.04166667;1
282.375;-14.04166667;1
282.4583333;-14.04166667;1
282.5416667;-14.04166667;1
282.7083333;-14.04166667;1
282.7916667;-14.04166667;1
282.875;-14.04166667;1
283.0416667;-14.04166667;1
283.2916667;-14.04166667;1
283.375;-14.04166667;1
283.4583333;-14.04166667;1
283.5416667;-14.04166667;1
281.9583333;-14.125;1
282.0416667;-14.125;1
282.2083333;-14.125;1
282.4583333;-14.125;1
282.625;-14.125;1
282.7083333;-14.125;1
282.7916667;-14.125;1
283.125;-14.125;1
283.2083333;-14.125;1
283.5416667;-14.125;1
283.625;-14.125;1
283.7083333;-14.125;1
281.7916667;-14.20833333;1
281.875;-14.20833333;1
282.2916667;-14.20833333;1
282.4583333;-14.20833333;1
282.5416667;-14.20833333;1
282.625;-14.20833333;1
283.0416667;-14.20833333;1
283.125;-14.20833333;1
283.2916667;-14.20833333;1
283.4583333;-14.20833333;1
283.5416667;-14.20833333;1
283.625;-14.20833333;1
283.7916667;-14.20833333;1
281.7916667;-14.29166667;1
282.2916667;-14.29166667;1
282.4583333;-14.29166667;1
282.5416667;-14.29166667;1
282.7916667;-14.29166667;1
282.875;-14.29166667;1
282.9583333;-14.29166667;1
283.0416667;-14.29166667;1
283.375;-14.29166667;1
283.4583333;-14.29166667;1
283.7083333;-14.29166667;1
283.7916667;-14.29166667;1
282.0416667;-14.375;1
282.2083333;-14.375;1
282.2916667;-14.375;1
282.625;-14.375;1
282.7083333;-14.375;1
282.7916667;-14.375;1
282.875;-14.375;1
282.9583333;-14.375;1
283.2916667;-14.375;1
283.375;-14.375;1
283.7083333;-14.375;1
283.7916667;-14.375;1
282.5416667;-14.45833333;1
282.625;-14.45833333;1
282.7083333;-14.45833333;1
282.7916667;-14.45833333;1
283.125;-14.45833333;1
283.2083333;-14.45833333;1
283.2916667;-14.45833333;1
283.9583333;-14.45833333;1
282.375;-14.54166667;1
282.4583333;-14.54166667;1
282.5416667;-14.54166667;1
282.9583333;-14.54166667;1
283.0416667;-14.54166667;1
283.375;-14.54166667;1
283.875;-14.54166667;1
283.9583333;-14.54166667;1
282.2083333;-14.625;1
282.2916667;-14.625;1
282.375;-14.625;1
282.4583333;-14.625;1
282.7083333;-14.625;1
282.7916667;-14.625;1
282.875;-14.625;1
283.2916667;-14.625;1
283.9583333;-14.625;1
284.0416667;-14.625;1
282.2083333;-14.70833333;1
282.2916667;-14.70833333;1
282.4583333;-14.70833333;1
282.5416667;-14.70833333;1
282.625;-14.70833333;1
282.7083333;-14.70833333;1
282.7916667;-14.70833333;1
283.125;-14.70833333;1
283.2083333;-14.70833333;1
283.5416667;-14.70833333;1
283.9583333;-14.70833333;1
282.0416667;-14.79166667;1
282.125;-14.79166667;1
282.375;-14.79166667;1
282.4583333;-14.79166667;1
282.5416667;-14.79166667;1
282.625;-14.79166667;1
282.9583333;-14.79166667;1
283.0416667;-14.79166667;1
283.375;-14.79166667;1
283.4583333;-14.79166667;1
283.7916667;-14.79166667;1
283.875;-14.79166667;1
284.0416667;-14.79166667;1
284.2916667;-14.79166667;1
281.875;-14.875;1
281.9583333;-14.875;1
282.375;-14.875;1
282.4583333;-14.875;1
282.875;-14.875;1
282.9583333;-14.875;1
283.2083333;-14.875;1
283.2916667;-14.875;1
283.625;-14.875;1
283.7083333;-14.875;1
283.7916667;-14.875;1
284.2083333;-14.875;1
284.2916667;-14.875;1
281.7916667;-14.95833333;1
282.625;-14.95833333;1
282.7083333;-14.95833333;1
282.7916667;-14.95833333;1
283.0416667;-14.95833333;1
283.125;-14.95833333;1
283.4583333;-14.95833333;1
283.5416667;-14.95833333;1
284.375;-14.95833333;1
282.5416667;-15.04166667;1
282.625;-15.04166667;1
282.9583333;-15.04166667;1
283.2916667;-15.04166667;1
283.375;-15.04166667;1
283.875;-15.04166667;1
283.9583333;-15.04166667;1
284.375;-15.04166667;1
284.4583333;-15.04166667;1
282.4583333;-15.125;1
282.7916667;-15.125;1
282.875;-15.125;1
283.2083333;-15.125;1
283.2916667;-15.125;1
283.7083333;-15.125;1
284.2083333;-15.125;1
282.625;-15.20833333;1
282.7083333;-15.20833333;1
283.0416667;-15.20833333;1
283.125;-15.20833333;1
283.5416667;-15.20833333;1
283.625;-15.20833333;1
284.0416667;-15.20833333;1
284.125;-15.20833333;1
284.4583333;-15.20833333;1
284.625;-15.20833333;1
284.7083333;-15.20833333;1
282.875;-15.29166667;1
283.375;-15.29166667;1
283.4583333;-15.29166667;1
283.875;-15.29166667;1
283.9583333;-15.29166667;1
282.7083333;-15.375;1
282.7916667;-15.375;1
283.2916667;-15.375;1
283.7916667;-15.375;1
284.2916667;-15.375;1
283.7083333;-15.45833333;1
284.2083333;-15.45833333;1
284.2916667;-15.45833333;1
284.5416667;-15.45833333;1
284.7083333;-15.45833333;1
284.9583333;-15.45833333;1
284.625;-15.54166667;1
282.7083333;-15.625;1
284.5416667;-15.625;1
284.625;-15.625;1
284.5416667;-15.70833333;1
284.875;-15.70833333;1
285.5416667;-15.70833333;1
284.4583333;-15.79166667;1
284.7916667;-15.79166667;1
284.375;-15.875;1
284.4583333;-15.875;1
284.7916667;-15.875;1
284.375;-15.95833333;1
285.0416667;-15.95833333;1
285.375;-15.95833333;1
284.2916667;-16.04166667;1
284.375;-16.04166667;1
284.2916667;-16.125;1
284.625;-16.125;1
284.9583333;-16.125;1
284.2083333;-16.20833333;1
284.5416667;-16.20833333;1
285.9583333;-16.20833333;1
284.2083333;-16.29166667;1
284.5416667;-16.29166667;1
285.125;-16.29166667;1
284.4583333;-16.375;1
284.7916667;-16.375;1
284.375;-16.45833333;1
286.2083333;-16.45833333;1
286.375;-16.45833333;1
283.9583333;-16.54166667;1
284.2916667;-16.54166667;1
285.7083333;-16.54166667;1
283.9583333;-16.625;1
286.2916667;-16.625;1
287.0416667;-16.625;1
286.0416667;-16.70833333;1
287.2916667;-16.70833333;1
283.7916667;-16.79166667;1
284.2083333;-16.79166667;1
285.7916667;-16.79166667;1
287.2083333;-16.79166667;1
287.4583333;-16.79166667;1
287.5416667;-16.79166667;1
284.2083333;-16.875;1
286.5416667;-16.875;1
286.875;-16.875;1
285.125;-16.95833333;1
287.7916667;-16.95833333;1
287.625;-17.04166667;1
287.7916667;-17.125;1
287.2916667;-17.20833333;1
288.2083333;-17.20833333;1
286.125;-17.29166667;1
288.2083333;-17.29166667;1
286.7083333;-17.375;1
287.625;-17.375;1
287.9583333;-17.375;1
288.4583333;-17.375;1
287.7916667;-17.45833333;1
287.875;-17.54166667;1
288.625;-17.54166667;1
287.4583333;-17.625;1
288.2916667;-17.625;1
288.625;-17.625;1
286.4583333;-17.70833333;1
287.5416667;-17.70833333;1
288.5416667;-17.70833333;1
288.625;-17.70833333;1
287.2083333;-17.79166667;1
287.875;-17.79166667;1
288.2083333;-17.79166667;1
288.625;-17.79166667;1
288.7916667;-17.79166667;1
286.2916667;-17.875;1
287.9583333;-17.875;1
288.4583333;-17.875;1
288.5416667;-17.875;1
288.7083333;-17.875;1
288.7916667;-17.875;1
287.2916667;-17.95833333;1
288.375;-17.95833333;1
288.7083333;-17.95833333;1
288.9583333;-17.95833333;1
289.0416667;-17.95833333;1
287.625;-18.04166667;1
288.2916667;-18.04166667;1
288.375;-18.04166667;1
288.625;-18.04166667;1
288.7083333;-18.04166667;1
289.125;-18.04166667;1
289.2083333;-18.04166667;1
288.2916667;-18.125;1
288.4583333;-18.125;1
288.5416667;-18.125;1
288.7083333;-18.125;1
288.875;-18.125;1
289.2083333;-18.125;1
287.125;-18.20833333;1
288.2916667;-18.20833333;1
288.5416667;-18.20833333;1
288.625;-18.20833333;1
288.7916667;-18.20833333;1
288.875;-18.20833333;1
288.9583333;-18.20833333;1
289.2083333;-18.20833333;1
287.7916667;-18.29166667;1
287.875;-18.29166667;1
288.2916667;-18.29166667;1
288.4583333;-18.29166667;1
288.5416667;-18.29166667;1
288.7916667;-18.29166667;1
289.125;-18.29166667;1
289.375;-18.29166667;1
289.4583333;-18.29166667;1
289.5416667;-18.29166667;1
287.2916667;-18.375;1
